"Julia Díaz SanJuan;España,Colombia;España;09091920L"
"Julian Alonso Meza Díaz;España,Colombia;España;09091921K"
"Marciano Meza Caballero;España,Colombia;09091921C"
﻿"Ricardo Meza Díaz;España,Colombia;España;09091920C"
"Julia Díaz SanJuan;España,Colombia;España;09091920L"
"Julian Alonso Meza Díaz;España,Colombia;España;09091921K"
"Marciano Meza Caballero;España,Colombia;09091921C"
﻿"Ricardo Meza Díaz;España,Colombia;España;09091920C"
"Julia Díaz SanJuan;España,Colombia;España;09091920L"
"Julian Alonso Meza Díaz;España,Colombia;España;09091921K"
"Marciano Meza Caballero;España,Colombia;09091921C"
﻿"Ricardo Meza Díaz;España,Colombia;España;09091920C"
"Julia Díaz SanJuan;España,Colombia;España;09091920L"
"Julian Alonso Meza Díaz;España,Colombia;España;09091921K"
"Marciano Meza Caballero;España,Colombia;09091921C"
﻿"Ricardo Meza Díaz;España,Colombia;España;09091920C"
"Julia Díaz SanJuan;España,Colombia;España;09091920L"
"Julian Alonso Meza Díaz;España,Colombia;España;09091921K"
"Marciano Meza Caballero;España,Colombia;09091921C"
﻿"Ricardo Meza Díaz;España,Colombia;España;09091920C"
"Julia Díaz SanJuan;España,Colombia;España;09091920L"
"Julian Alonso Meza Díaz;España,Colombia;España;09091921K"
"Marciano Meza Caballero;España,Colombia;09091921C"
﻿"Ricardo Meza Díaz;España,Colombia;España;09091920C"
